Size,Count,Percent
5,0,0
10,0,0
20,0,0
40,0,0
80,0,0
160,1,0.026315789
320,3,0.078947368
640,20,0.526315789
1280,14,0.368421053
2560,0,0
5120,0,0
